<?xml version="1.0" encoding="UTF-8"?>
<project-private xmlns="http://www.netbeans.org/ns/project-private/1">
    <editor-bookmarks xmlns="http://www.netbeans.org/ns/editor-bookmarks/2" lastBookmarkId="1">
        <file>
            <url>src/telas/QuestionárioColetaDados.java</url>
            <bookmark id="1">
                <name/>
                <line>265</line>
                <key/>
            </bookmark>
        </file>
    </editor-bookmarks>
    <open-files xmlns="http://www.netbeans.org/ns/projectui-open-files/2">
        <group>
            <file>file:/F:/NetBeansProjects/AppSistemaVisitantes/src/telas/TelaLogin.java</file>
            <file>file:/F:/NetBeansProjects/AppSistemaVisitantes/src/telas/IdCracha.java</file>
            <file>file:/F:/NetBeansProjects/AppSistemaVisitantes/src/telas/CompanionsList.java</file>
            <file>file:/F:/NetBeansProjects/AppSistemaVisitantes/src/telas/ImpressaoEtiquetas.java</file>
            <file>file:/F:/NetBeansProjects/AppSistemaVisitantes/src/telas/QuestionárioColetaDados.java</file>
            <file>file:/F:/NetBeansProjects/AppSistemaVisitantes/src/telas/EntregaBrindes.java</file>
            <file>file:/F:/NetBeansProjects/AppSistemaVisitantes/src/telas/InformacoesEmpresa.java</file>
            <file>file:/F:/NetBeansProjects/AppSistemaVisitantes/src/telas/ProcessoCheckin.java</file>
        </group>
    </open-files>
</project-private>
